-934.2696479779346,1,1105
-833.4900934580755,2,1105
-428.6223957012181,3,1105
-482.04375380895465,4,1105
-455.32972091867055,5,1105
-427.4282186413206,6,1105
-407.5972362125078,7,1105
-415.98607551039845,8,1105
-492.2537311105989,9,1105
-467.01651280147087,10,1105
-375.35501618727653,11,1105
-391.69171631969704,12,1105
1371.830290412972,13,1105
-409.7000822838628,14,1105
-421.2673191652037,15,1105
734.7924947545764,16,1105
-491.69127481025146,11,1105
-664.8490439034242,12,1105
-866.4254781861082,13,1105
-417.51799345760486,14,1105
-441.7727492747415,15,1105
-429.0634694267297,16,1105
-712.8010358399805,17,1105
-506.4604563564317,18,1105
-413.496879087861,19,1105
-414.2179238802927,20,1105
-422.5383330254934,21,1105
-412.2756933441442,22,1105
-422.8858829601,23,1105
-426.611954377154,24,1105
-503.8161318463914,25,1105
-426.64319249014994,26,1105
-420.48090255103193,27,1105
-578.4287954838726,28,1105
-569.1708882862829,29,1105
1474.856390241194,30,1105
901.5051876794366,31,1105
1761.8193093096656,32,1105
-458.5357064052148,33,1105
-440.13747084820466,34,1105
1782.4342706232223,35,1105
-461.8665170932126,36,1105
-457.5618538680264,37,1105
-452.5262000764781,38,1105
-607.2962302254764,39,1105
-539.5673372855244,40,1105
-417.6380990710994,41,1105
-447.20997093418674,42,1105
-646.9267590281703,43,1105
-821.5373416106788,44,1105
-672.1308290758473,45,1105
-429.1383118703364,46,1105
-437.81198628562936,47,1105
-428.7134877330261,48,1105
-436.0998244668318,49,1105
-434.65165081236165,50,1105
-578.0818887811648,51,1105
-425.36936838469444,52,1105
-626.5351432126414,53,1105
-565.2748474663478,54,1105
-433.9374130181159,55,1105
-522.8354251583497,56,1105
-451.5535820673023,57,1105
-447.1822764998734,58,1105
-403.1901918844941,59,1105
-849.9395644014417,60,1105
-717.9161620788352,61,1105
358.8365064772198,62,1105
-534.5471906334368,63,1105
-992.002510509734,64,1105
-675.4260905528445,65,1105
-727.9910183602792,66,1105
-423.22752234063023,67,1105
-958.3258139417574,68,1105
1579.2757888266042,69,1105
-529.9979811660478,70,1105
-420.74762641597323,71,1105
-659.2895326299234,72,1105
363.2334585244464,73,1105
-578.7777743385898,74,1105
848.1546246942444,75,1105
-529.5618080118393,76,1105
-449.5612403897924,77,1105
-467.8126024082423,78,1105
-474.32556462508467,79,1105
-448.22063535245644,80,1105
-470.72503543576,81,1105
-470.3519787995862,82,1105
741.632017286976,83,1105
-728.309022810539,84,1105
-603.743795552066,85,1105
-531.5864793919491,86,1105
-695.8258531650746,87,1105
-780.9568930305086,88,1105
-611.90029116033,89,1105
-625.3269182934156,90,1105
48.7761242483366,91,1105
-450.4809135544195,92,1105
-534.8299863212668,93,1105
-415.27868462361926,94,1105
484.6680182389831,95,1105
-565.6678763340153,96,1105
-420.00900014677813,97,1105
-456.04597996200584,98,1105
-464.60684738137303,99,1105
-762.1584479564896,100,1105
-448.0327865929295,101,1105
-562.5023463450119,102,1105
-427.4800127154836,103,1105
-411.4238026631323,104,1105
-605.3432365914249,105,1105
-431.00114714251004,106,1105
-589.279133198203,107,1105
-577.0497954119478,108,1105
-637.3825287283208,109,1105
-737.7251170216715,110,1105
-648.814116280658,111,1105
-583.3759514357197,112,1105
-686.55905857314,113,1105
-573.6723329657472,114,1105
-577.8874458233402,115,1105
-580.5156843022044,116,1105
-698.0015368562364,117,1105
-607.0896734294307,118,1105
-989.4591595108822,119,1105
-557.3874471554079,120,1105
-544.8831793004576,121,1105
-670.356227796565,122,1105
-598.8297028637287,123,1105
-613.4050349635665,124,1105
-631.1252490084815,125,1105
-604.8859538260142,126,1105
-555.2495508353456,127,1105
-402.759337719827,128,1105
-469.1149822763858,129,1105
-525.9239540037722,130,1105
-553.8375162834893,131,1105
-568.0097552779462,132,1105
-602.1621522489202,133,1105
-559.8728395976117,134,1105
-560.4359314545211,135,1105
-461.3538382772986,136,1105
-525.5363155469199,137,1105
-727.2135035299966,138,1105
-916.427291442091,139,1105
-736.7091365681204,140,1105
-597.8666051923924,141,1105
-515.7376821568464,142,1105
-581.9378220957053,143,1105
-543.6836827981618,144,1105
-579.8233590770194,145,1105
-792.670264018871,146,1105
-512.0908729574973,147,1105
-643.1125442758782,148,1105
-495.96800690994377,149,1105
-518.3515870866826,150,1105
-699.7903235297987,151,1105
-524.6364922078078,152,1105
-523.0391524901415,153,1105
-478.3322768788851,154,1105
-919.87364519801,155,1105
-662.0024755689816,156,1105
-374.1041493368374,157,1105
-510.8565603563831,158,1105
-559.5693715787111,159,1105
-478.98127566108906,160,1105
-548.0706687811349,161,1105
-690.6720890686621,162,1105
-513.35144056763,163,1105
-504.0154920331847,164,1105
-406.1377741994315,165,1105
-422.08528700633804,166,1105
-453.31170279958553,167,1105
-501.7395653182995,168,1105
-468.5974437933322,169,1105
-395.0092685640435,170,1105
-437.3847964534695,171,1105
-361.76401037136736,172,1105
-462.2993876787419,173,1105
-430.43683700334753,174,1105
-409.94269246773365,175,1105
-472.9334867384033,176,1105
-526.0023332169344,177,1105
-441.22663640880313,178,1105
-359.8938427602028,179,1105
-460.63494595988305,180,1105
-378.8160061924719,181,1105
-513.865196963168,182,1105
-403.749464612919,183,1105
-420.35918498707287,184,1105
-418.13203902411,185,1105
-540.9526373953231,186,1105
-408.47045644991846,187,1105
-458.6335712793205,188,1105
-467.32261246850845,189,1105
-428.83381401878586,190,1105
-473.5712919382106,191,1105
-494.491278005797,192,1105
-470.7755864388447,193,1105
-470.24534096274203,194,1105
-386.7546592545513,195,1105
-406.6939448507676,196,1105
-366.110560272241,197,1105
-472.84801271893457,198,1105
-409.6717910871911,199,1105
-406.4334273377459,200,1105
-503.619071629405,201,1105
-498.11933029983425,202,1105
-533.1744605224771,203,1105
-390.0608593978588,204,1105
-504.7662505791419,205,1105
-493.4906694872237,206,1105
-389.7773654825196,207,1105
-476.6743134271198,208,1105
-438.6030428800741,209,1105
-422.3961930640537,210,1105
-426.2485111331281,211,1105
-441.47686514416534,212,1105
-484.0775804291461,213,1105
-464.51838672820804,214,1105
-448.0166417962488,215,1105
-492.48452665504544,216,1105
-420.71173149212603,217,1105
-371.02699218525066,218,1105
-430.44802604998483,219,1105
-456.9565728900274,220,1105
-424.4259030386644,221,1105
-479.14137806968256,222,1105
-374.35294486019956,223,1105
-464.5586805635261,224,1105
-457.4657205009393,225,1105
-452.6783477483705,226,1105
-440.0776018665787,227,1105
-458.273910753792,228,1105
-357.2238189472979,229,1105
-351.06715347027375,230,1105
-385.5849083400244,231,1105
-813.7790733192221,232,1105
-394.2307802680342,233,1105
-413.9404254247834,234,1105
-399.50635275140394,235,1105
-457.20076932636965,236,1105
-657.2817130596238,237,1105
-460.10832601499857,238,1105
-402.3015227575423,239,1105
-441.5656438063259,240,1105
-460.839901160765,241,1105
-450.1938433402564,242,1105
-442.51083514505535,243,1105
-426.2827920196526,244,1105
-1452.9803343587992,245,1105
-458.6206854167708,246,1105
-461.1328454366659,247,1105
-436.08764791008383,248,1105
-460.16645225877534,249,1105
-480.3059995098633,250,1105
-432.64209624191915,251,1105
-468.91263298908876,252,1105
-468.2317098813741,253,1105
-571.4800379891176,254,1105
-400.6410403362283,255,1105
-342.40561056512996,256,1105
-421.66542595161343,257,1105
-665.9660109340678,258,1105
-437.8043277315399,259,1105
-409.8604585093764,260,1105
-393.3226276859442,261,1105
-560.1690950411329,262,1105
-594.9297212679597,263,1105
-499.40335659963876,264,1105
-449.3600605930795,265,1105
-1799.0880851024933,266,1105
-441.2169602525258,267,1105
-698.0639863654434,268,1105
-608.9285815174079,269,1105
-478.37831970862237,270,1105
-647.3349489352971,271,1105
-656.1079966295696,272,1105
-495.54749121335175,273,1105
-533.7495172056551,274,1105
-532.7543731241705,275,1105
-493.3582484659974,276,1105
-511.9935672598368,277,1105
-2200.2241085585943,278,1105
-460.8770520770203,279,1105
-569.8511250975499,280,1105
-426.0475002910423,281,1105
-450.40481868637,282,1105
-511.09336245975555,283,1105
-482.876411784443,284,1105
-462.6059625279442,285,1105
-435.8540065914655,286,1105
-466.6859182907084,287,1105
-445.3961240674443,288,1105
-497.75987749914054,289,1105
-492.4378685858034,290,1105
-467.7517302418057,291,1105
-1363.9517040819562,292,1105
-452.01466822389807,293,1105
-784.4277567739157,294,1105
-963.911350926388,295,1105
-475.3888674976721,296,1105
-494.83916841209987,297,1105
-1136.048849090095,298,1105
-492.48891272611144,299,1105
-685.0557146821772,300,1105
-1004.6092981477257,301,1105
-582.1353852219181,302,1105
-450.4751596966943,303,1105
-415.30374712210863,1,1305
-421.8006189933159,2,1305
-783.5309720329963,3,1305
-1065.6868749349426,4,1305
-1195.757980054318,5,1305
-450.63866967962963,6,1305
-404.7297812255308,7,1305
-401.71255640256106,8,1305
-863.1118235796621,9,1305
-653.0193965030392,1,1305
-1061.242501027648,2,1305
-426.48009806085236,3,1305
-1018.6989491676815,4,1305
-1471.1045585043607,5,1305
-454.28115245698706,6,1305
-427.57224836859825,7,1305
-430.5986752469832,8,1305
-423.2983867700121,9,1305
-666.6104990986703,10,1305
-442.96140169246786,11,1305
-423.5134260111588,12,1305
-409.3670090888258,13,1305
-406.03387255121476,14,1305
-426.4750325932344,15,1305
-413.94686973951457,16,1305
-751.8562189435216,17,1305
-1126.1695537407804,18,1305
-719.9395988378567,19,1305
-1321.4393140205384,20,1305
-412.3358784236259,21,1305
-920.2224566349089,22,1305
-679.6235886773625,23,1305
-437.9253142871886,24,1305
-480.2604828396015,25,1305
-464.02822345732136,26,1305
-742.3230270907586,27,1305
-689.2132660221062,28,1305
-422.3944921235011,29,1305
-540.3343858833183,30,1305
402.07344799134455,31,1305
-462.8881171140909,32,1305
-532.5889237463723,33,1305
-457.9972145793102,34,1305
-845.3455325926911,35,1305
401.65555625900765,36,1305
-623.9141532237397,37,1305
-578.9038620799598,38,1305
555.7931340275984,39,1305
-686.7847162961084,40,1305
-546.4799985803269,41,1305
-409.21819362487395,42,1305
-1050.826846820948,43,1305
-449.7314156185088,44,1305
-403.0769067386546,45,1305
-475.6225697469344,46,1305
-510.4065020571792,47,1305
-458.678329289339,48,1305
-927.6126082602061,49,1305
-402.29495683522975,50,1305
-509.12592497998594,51,1305
-416.23548286414535,52,1305
-461.75393043320184,53,1305
-574.2134092253251,54,1305
-417.92026713805524,55,1305
-423.27286871457966,56,1305
-653.4009497098481,57,1305
-458.7043874967517,58,1305
-464.98254881070454,59,1305
608.5260443435932,60,1305
-377.98369169866885,61,1305
-417.3764968904381,62,1305
493.9640262591289,63,1305
-889.8425023768357,64,1305
-376.9323818816407,65,1305
504.2752420832163,66,1305
-413.52335528871185,67,1305
-461.7639906707734,68,1305
-599.549163712126,69,1305
-890.163621065192,70,1305
-563.9283274900488,71,1305
-689.8529820282897,72,1305
-636.4099387975847,73,1305
-532.6745246883041,74,1305
-551.9083602697415,75,1305
-643.2838911670627,76,1305
-761.5767952574448,77,1305
-513.9320779718873,78,1305
-455.79468251940176,79,1305
-498.69687914305194,80,1305
-1015.6802377648587,81,1305
-470.75798474826024,82,1305
-1382.3689871400861,83,1305
-457.71156549680813,84,1305
-626.5094203726977,85,1305
-399.91952204244313,86,1305
-515.5550086317244,87,1305
-539.446795594824,88,1305
-373.9468244980677,89,1305
-390.07362622977064,90,1305
-422.659751613336,91,1305
-360.84200483153677,92,1305
-741.2140230695161,93,1305
-497.3518141966966,94,1305
-732.5273374639783,95,1305
-402.28660668610814,96,1305
-1038.9388307984452,97,1305
-402.451192795438,98,1305
111.75918265728365,99,1305
-439.60295146316287,100,1305
-1205.746869212694,101,1305
-446.6253369719301,102,1305
482.7975137749038,103,1305
-519.6762198788514,104,1305
-526.4773091893074,105,1305
-571.041172332279,106,1305
-961.7962321180507,107,1305
-829.7505377743602,108,1305
-290.89873989983437,109,1305
98.26521174796903,110,1305
-12.81963627356771,111,1305
-593.040422416491,112,1305
-539.1448237572041,113,1305
-885.3103132853722,114,1305
-426.50121201699176,115,1305
-640.2378578063265,116,1305
-357.84867005478554,117,1305
-901.5866541356211,118,1305
-497.786859431225,119,1305
-1530.660686111145,120,1305
-985.2810982082678,121,1305
-1179.5437217958124,122,1305
-1700.353241802019,123,1305
-1058.7940212163771,124,1305
-1459.8039747491953,125,1305
-656.4017775158225,126,1305
-615.2112832358224,127,1305
-842.2536849970525,128,1305
-1203.888445043568,129,1305
-952.8566004102506,130,1305
-424.4728271212418,131,1305
-560.8131579614206,132,1305
-704.9588312264084,133,1305
-1089.95502135783,134,1305
-655.1688821372426,135,1305
-1014.0479065926205,136,1305
-627.6131609473339,137,1305
-677.5972889214116,138,1305
-657.8830409687168,139,1305
-1073.3307748419888,140,1305
-455.19517459633744,141,1305
-504.2413491996859,142,1305
-473.52023308318536,143,1305
-682.1421267970982,144,1305
-1269.3800749461852,145,1305
-1215.9035557582342,146,1305
-1180.3963265672414,147,1305
-811.3828360063485,148,1305
-524.6825124861642,149,1305
-595.8419062564486,150,1305
-486.9220595773422,151,1305
-368.7228410048088,152,1305
416.26264526649777,153,1305
-425.70060539548746,154,1305
-835.8315917258788,155,1305
122.30567386778226,156,1305
-447.7649298701956,157,1305
-424.650852257054,158,1305
-440.20567344644184,159,1305
-463.6637155529969,160,1305
-461.22659373054665,161,1305
-1933.047916434549,162,1305
-699.4502318257685,163,1305
-1372.792261750936,164,1305
-946.2202854010218,165,1305
-453.21758957504187,166,1305
-381.58861335840265,167,1305
-420.1866622798006,168,1305
-426.7820278058134,169,1305
-859.223771708561,170,1305
-464.19499510351756,171,1305
-673.0905419248572,172,1305
-1098.4859414551984,173,1305
-627.4736065195275,174,1305
-772.0345432127579,175,1305
-656.0555694427063,176,1305
-434.40515121858937,177,1305
-443.8468007093192,178,1305
-451.5290333665657,179,1305
-734.5663642160406,180,1305
-470.5524230734023,181,1305
-1254.2032935048214,182,1305
-1442.835083037036,183,1305
-486.9088195870842,184,1305
-494.63416014861065,185,1305
-1302.8864776683147,186,1305
-1113.937562835798,187,1305
-664.9598685725025,188,1305
-845.7767841417423,189,1305
-411.32251620253317,190,1305
-442.2924630922278,191,1305
-405.33274785484946,192,1305
-452.91714619326194,193,1305
-448.5483458173141,194,1305
-389.8800344505345,195,1305
-394.6671163273801,196,1305
-385.141506053879,197,1305
-966.891168310168,198,1305
-399.8448370759811,199,1305
-472.9412805303814,200,1305
-741.7607142639081,201,1305
-472.2249709323261,202,1305
-484.55919455027,203,1305
-757.4621975114876,204,1305
-440.0124733652826,205,1305
-379.25339140704614,206,1305
-502.45173631297354,207,1305
-452.38731276105153,208,1305
-434.4689705390527,209,1305
-433.0656357462752,210,1305
-253.33166329544375,211,1305
-368.9871431862887,212,1305
-892.638428874455,213,1305
-671.7620586210332,214,1305
-1015.7039357882328,215,1305
-425.8458802479219,216,1305
-507.4862050907043,217,1305
1303.4806303634268,218,1305
2188.3466550290204,219,1305
-548.2315410016804,220,1305
-597.3349806724734,221,1305
-717.0095105676462,222,1305
-721.9552805963183,223,1305
303.314416102722,224,1305
517.362082881198,225,1305
-614.445342347687,226,1305
-516.134603759442,227,1305
706.1402945109721,228,1305
41.034674696746734,229,1305
-674.8154565544594,230,1305
-703.447055577468,231,1305
-686.8472310655297,232,1305
-570.9951217206157,233,1305
-733.6444809160131,234,1305
-754.961888664594,235,1305
-699.5711100687033,236,1305
-753.9872973824974,237,1305
-659.1310545780431,238,1305
-657.702235569855,239,1305
-713.8457391112299,240,1305
688.1996460767027,241,1305
-333.46097919552744,242,1305
-758.4100807816885,243,1305
-828.1336041656565,244,1305
-351.0045915020869,245,1305
-656.0967037336459,246,1305
527.1600667923533,247,1305
802.6053144789294,248,1305
-509.46503055547265,249,1305
-519.5802593066506,250,1305
-495.11401652414906,251,1305
-528.7523371577723,252,1305
368.5502795637175,253,1305
-651.8674703493546,254,1305
-464.33079065644085,255,1305
-623.6068094101798,256,1305
725.0177011286125,257,1305
-749.4144498902444,258,1305
-23.19051153462162,259,1305
-679.981792181889,260,1305
-424.2095646592876,261,1305
-591.418126277342,262,1305
-392.830691007925,263,1305
-698.1078231115672,264,1305
-578.6400454721213,265,1305
-556.4681446629576,266,1305
281.9865097583712,267,1305
1781.5366659695164,268,1305
-705.3371912094904,269,1305
-406.33577240983533,261,1305
-407.87117639933973,262,1305
-1063.4669191679718,263,1305
-747.8150819078221,264,1305
-413.26923865945196,265,1305
-390.3745173424991,266,1305
-399.3984866820035,267,1305
-389.8124100983041,268,1305
-392.042793427751,269,1305
-404.3104958966796,270,1305
-401.6881569910996,271,1305
-371.205407700629,272,1305
-374.9059768309363,273,1305
-416.9636067600119,274,1305
-433.3203895580176,275,1305
-415.55135428886234,276,1305
-378.3285830655079,277,1305
-383.5143063406394,278,1305
-393.6942516673243,279,1305
-381.40357883893176,280,1305
-398.5444122159568,281,1305
-405.4178398063714,282,1305
-409.23495893778755,283,1305
-410.2302298495205,284,1305
-394.62439341641266,285,1305
-399.08280217430905,286,1305
-362.77821719329177,287,1305
-396.3100788946894,288,1305
-379.2353534558749,289,1305
-392.8318189028672,290,1305
-381.48355204460296,291,1305
-422.1343917977051,292,1305
-385.3842128288389,293,1305
-394.87534382413605,294,1305
-387.6413426065917,295,1305
-394.3233975336417,296,1305
-384.02373369954506,297,1305
-383.43113132081385,298,1305
-385.5661378073874,299,1305
-378.20260208141696,300,1305
-389.6560980825881,301,1305
-399.34332660357984,302,1305
-362.1291620575863,303,1305
-388.87840790461195,304,1305
-378.609939540208,305,1305
-366.0444483680888,306,1305
-385.58723541763845,307,1305
-363.91387478718934,308,1305
-396.2535433370737,309,1305
-386.3876842075201,310,1305
-385.9599349884467,311,1305
-390.96043184671964,312,1305
-392.7349947561041,313,1305
-398.7316066135505,314,1305
-388.3845541794013,315,1305
-382.0311799556742,316,1305
-395.2388576211957,317,1305
-393.30854599532347,318,1305
-398.8803456480995,319,1305
-388.22039899097456,320,1305
-375.10454877633583,321,1305
-370.954076896526,322,1305
-401.9303893911156,323,1305
-389.37996663897434,324,1305
-411.8115318640854,325,1305
-711.6575935428668,326,1305
-367.5683542817318,327,1305
-369.6783669388416,328,1305
-360.0746355423423,329,1305
-367.0185178123223,330,1305
-360.07847325384506,331,1305
-359.51767345972337,332,1305
-367.57974827036674,333,1305
-360.08305795259923,334,1305
-382.16477546301667,335,1305
-390.982618071166,336,1305
-360.038615467658,337,1305
-376.2534153648793,338,1305
-360.17661960547866,339,1305
-416.7627311582718,340,1305
-360.1215677736395,341,1305
-373.20876587876705,342,1305
-382.34807409342255,343,1305
-375.62779000370926,344,1305
-418.4512511653865,345,1305
-364.0994960249697,346,1305
-362.0491881888856,347,1305
-384.47016018660497,348,1305
-399.36045929120695,349,1305
-376.19161579836594,350,1305
-363.08417082812036,351,1305
-389.1081413402307,352,1305
-362.98927154803005,353,1305
-365.4707341490126,354,1305
-381.51593271509097,355,1305
-382.64175501643024,356,1305
-360.22050931058675,357,1305
-447.8031571458864,358,1305
-473.85420136712605,359,1305
-421.1489736473805,360,1305
-423.6387703531233,361,1305
-950.3056714246827,362,1305
-969.8125947230355,363,1305
-480.72226003614844,364,1305
-518.2699677215692,365,1305
-775.955555334964,366,1305
-504.5748760701367,367,1305
-429.374812157139,368,1305
-1149.0725182034453,369,1305
-576.8546329841231,370,1305
609.2684556474179,371,1305
-182.0501271474468,372,1305
-705.5502225486064,373,1305
-821.6274670664959,374,1305
-995.8890547963434,375,1305
-1102.4305800478248,376,1305
-681.702274912724,377,1305
-1169.6369963327716,378,1305
-1244.8657412054451,379,1305
-1402.4592369843467,380,1305
-904.7019340484248,381,1305
-825.0298471632426,382,1305
-571.7892347471832,383,1305
-686.158429735447,384,1305
-1517.2898696033035,385,1305
-788.7713981768821,386,1305
-1110.4663849779522,387,1305
-756.6047005735131,388,1305
-778.4424593989479,389,1305
-778.4418209662595,390,1305
-732.9366760198147,391,1305
-559.7522910636986,392,1305
-834.751139879778,393,1305
-798.4859340447404,394,1305
-431.5743789363966,395,1305
-534.910159552824,396,1305
-516.8541366637652,397,1305
-1139.611588614976,398,1305
-668.6776502013356,399,1305
-518.6702769288613,400,1305
-425.3169131174956,401,1305
-772.5947125018653,402,1305
-432.2689650889753,403,1305
-880.4434752274174,404,1305
-644.0810174810761,405,1305
-430.0241624214424,406,1305
-802.0271730946431,407,1305
-444.79153332380804,408,1305
-478.63285237684374,409,1305
-814.4394788899655,410,1305
-431.8524050025019,411,1305
-427.0112353664955,412,1305
-794.9433638159549,413,1305
-546.4564045238951,414,1305
-429.4686605890191,415,1305
-543.0982557146308,416,1305
-1135.0198990652443,417,1305
-420.9475101266774,418,1305
-1301.61802233334,419,1305
-432.5285207125596,420,1305
-482.81979488835253,421,1305
-486.5569348994779,422,1305
-882.5334203417804,423,1305
-432.37174339465764,424,1305
-428.33550772004236,425,1305
-423.59842065031785,426,1305
-493.8595138273958,427,1305
-481.23217838811195,428,1305
-468.62158857470035,429,1305
-1555.2515726452236,430,1305
-430.9849743032833,431,1305
-1384.8288198728972,432,1305
-427.2445163942424,433,1305
-584.7197385925947,434,1305
-463.62608621018234,435,1305
-425.96547406100666,436,1305
-654.4384153870102,437,1305
-537.0983627644175,438,1305
-519.5818202948905,439,1305
-436.8012350229149,440,1305
-590.6179279605237,441,1305
-427.9282479567344,442,1305
-569.5756094450243,443,1305
-439.7877184611264,444,1305
-1016.5175250043565,445,1305
-482.1042333757595,446,1305
-638.4566578635317,447,1305
-560.8860522690732,448,1305
-485.87681411890026,449,1305
-899.6597971346499,450,1305
-762.9500252562939,451,1305
-760.7432110998295,452,1305
-613.8609411888862,453,1305
-1285.180010827599,454,1305
-422.24138314272057,455,1305
-426.2702862531779,456,1305
-485.8709779023864,457,1305
-443.8495184801051,458,1305
-498.4171095251536,459,1305
-645.4915569397454,460,1305
-401.4552140129362,461,1305
-419.6126691046209,462,1305
-418.03372671409556,463,1305
-422.2224208238382,464,1305
-433.0727099842212,465,1305
-1071.0234473316596,466,1305
-916.2402828328861,467,1305
-572.170205207299,468,1305
-1167.9827844744955,469,1305
-600.0150398617989,470,1305
-946.7259468763273,471,1305
-436.42703297996843,472,1305
-1586.7573120406555,473,1305
-1217.3939566621582,474,1305
-1479.5894652371971,475,1305
-836.8760610943648,476,1305
-1005.373092791134,477,1305
-997.1168116587891,478,1305
-991.4724572114974,479,1305
-746.1262974105778,480,1305
-1173.100972447515,481,1305
-705.6539055173462,482,1305
-963.0503961963594,483,1305
-1729.1121471264353,484,1305
-1620.3380854090567,485,1305
-1214.4469107928344,486,1305
-1000.264720947695,487,1305
-664.5577409081708,488,1305
-733.6901859502465,489,1305
-824.9806548626915,490,1305
-1457.1769151165558,491,1305
-1083.8852333988366,492,1305
-1305.2188443308223,493,1305
-872.8321656383266,494,1305
-559.6078702732169,495,1305
-1363.8441973954466,496,1305
-1176.7610013608858,497,1305
-2097.300110717813,498,1305
-1208.3018034529186,499,1305
-1307.7936792726314,500,1305
-1322.5472084809503,501,1305
-850.413906827875,502,1305
-1770.95587171982,503,1305
-1057.3835919337391,504,1305
-1619.9557149087539,505,1305
-768.1250226479099,506,1305
-1467.117782370473,507,1305
-1069.312352871536,508,1305
-657.7536868860691,509,1305
-875.3973700484744,510,1305
-1812.5894824006486,511,1305
-1016.3303685138869,512,1305
-1133.68138591347,513,1305
-432.43022763977626,514,1305
-1066.2305982945413,261,1305
-722.6182882159512,262,1305
-642.480779803695,263,1305
-412.824657187428,264,1305
-404.4295327474835,265,1305
-448.62872778131816,266,1305
-458.23506544567374,267,1305
-452.148843958138,268,1305
-458.59398103675653,269,1305
-866.1356793958632,270,1305
-484.9285335741187,271,1305
-485.52972436936096,272,1305
-416.0049061536772,261,1305
-452.488618416855,262,1305
-657.8511243247225,263,1305
-407.89059069137426,264,1305
-840.742360476595,511,1305
-421.8985375052401,512,1305
-443.17180601895643,511,1305
-406.11907574966745,512,1305
-462.7239204231947,513,1305
-664.8462700963688,514,1305
-468.9291910251508,515,1305
-442.9429303590366,516,1305
-407.78776347798333,517,1305
-410.5623655754963,518,1305
-403.30137444726597,519,1305
-430.20759357636405,520,1305
-410.32151963227426,521,1305
-421.8637547378687,522,1305
-417.2939145681534,523,1305
-978.7875578065904,524,1305
-403.860390674045,525,1305
-467.01598901085373,526,1305
-429.1879907001761,527,1305
-445.85504462625727,528,1305
-498.2561135931553,529,1305
-440.2716155118619,530,1305
-448.2481803454938,531,1305
-508.9227783963677,532,1305
-450.2383307739668,533,1305
-472.21890753532455,534,1305
-452.0910165624763,535,1305
-454.08280232288547,536,1305
-422.5459914344641,537,1305
-439.28490337458567,538,1305
-443.4935347697372,539,1305
-430.90849387140764,540,1305
-415.18037955343266,541,1305
-413.6642249808414,542,1305
-431.932803831067,543,1305
-399.2619216311206,544,1305
-431.9833169692204,545,1305
-432.2649246104745,546,1305
-431.4130485696421,547,1305
-425.8292243720385,548,1305
-444.758263941697,549,1305
-416.6189212669815,550,1305
-437.0427915478065,551,1305
-430.61605382060014,552,1305
-426.4869831497693,553,1305
-414.67335927919174,554,1305
598.2861716629718,555,1305
519.1520732580068,556,1305
-392.44904097781455,557,1305
-423.22655189195893,558,1305
-411.1945162061783,559,1305
-434.32600054968646,560,1305
-421.0152846976221,561,1305
-390.8674727168287,562,1305
-423.8811060315237,563,1305
-435.00049908219586,564,1305
-375.4902709024158,565,1305
-454.9329161089763,566,1305
-733.4613953058314,567,1305
-495.0589127054895,568,1305
-452.32387600567444,569,1305
-409.23584204811783,570,1305
-459.85476801034224,571,1305
-485.2929194139412,572,1305
-455.01327956392964,573,1305
-434.3695925628591,574,1305
-480.10737815109223,575,1305
-489.20829856210867,576,1305
-525.8623120507183,577,1305
-498.14668176158375,578,1305
-482.6715581288532,579,1305
-490.8939636833909,580,1305
-501.0631037183444,581,1305
-498.7781196660824,582,1305
-488.70676274629324,583,1305
-502.35784448390115,584,1305
-480.16351561797137,585,1305
-487.2486357456089,586,1305
-478.9502191650377,587,1305
-507.64797004754763,588,1305
-506.90861500818664,589,1305
-546.5548534209182,590,1305
-535.3999556215372,591,1305
-504.3707839363228,592,1305
-530.4127412255638,593,1305
-436.5099076544375,594,1305
-460.98476605232315,595,1305
-529.8241347269193,596,1305
-913.1284388127062,597,1305
-398.9781978227336,598,1305
-1534.6679306525427,599,1305
-517.0732051395584,600,1305
-1216.4128525551541,601,1305
320.825392333323,602,1305
-1168.5565036495386,603,1305
-1288.278064930987,604,1305
-941.526816142414,605,1305
-1450.459711103477,606,1305
-938.9630960679142,607,1305
-1013.9457599341931,608,1305
-1358.379724729067,609,1305
-963.6138594310057,610,1305
-817.9543607552753,611,1305
-881.1409937249626,612,1305
-1388.641871994334,613,1305
-971.2960911076107,614,1305
-538.6664925314701,615,1305
-741.7208454970194,616,1305
-562.0388731020319,617,1305
-1286.4728092397158,618,1305
-1419.3968612014398,619,1305
-980.1697650379417,620,1305
-931.7478392855935,621,1305
-1167.8163928922515,622,1305
-1410.000585686702,623,1305
-536.300325821684,624,1305
-824.1405461881127,625,1305
-1365.1405485898536,626,1305
-521.502924186572,627,1305
-850.5622145224238,628,1305
-858.3803578566013,629,1305
-1002.2675571089924,630,1305
-996.893195126666,631,1305
-851.8054334043227,632,1305
-1186.1394331064816,633,1305
-785.1425214687367,634,1305
-1182.0568171213265,635,1305
-1121.3525197402116,636,1305
-602.6666897718253,637,1305
-1663.9820256190076,638,1305
-884.4066461206575,639,1305
-729.5116304933277,640,1305
-1245.415386906946,641,1305
-621.9705847915725,642,1305
-1112.7391227953776,643,1305
-905.2394026355205,644,1305
-720.6087697055123,645,1305
-917.4939701711801,646,1305
-957.9203789172927,647,1305
-1188.356830758752,648,1305
-703.5427638694091,649,1305
-965.2117746459505,650,1305
-421.60581546431035,651,1305
-418.5794595315806,652,1305
-573.5677504788681,653,1305
-648.8658842099746,654,1305
-854.3811802245207,655,1305
-477.9291642312504,656,1305
-851.3671444361955,657,1305
-820.324719413793,511,1305
-755.4735789870907,512,1305
-777.316219066643,511,1305
-434.30235785948605,512,1305
-414.1225076536606,513,1305
-406.56793115441724,514,1305
-403.0613884570762,515,1305
-854.6017904452915,516,1305
-975.1941770073588,517,1305
-437.8438342906225,518,1305
-396.8799296508107,519,1305
-421.73134615807754,520,1305
-556.4466868071008,521,1305
-515.7672353222737,522,1305
-825.7048918645075,523,1305
-891.9086218701652,524,1305
-462.7074759905649,525,1305
-408.7993795575121,526,1305
-724.2768474023707,527,1305
-404.51217088836995,528,1305
-418.46923816566266,529,1305
-448.5999274194186,530,1305
-411.0616627754778,531,1305
-475.66386117966357,532,1305
-406.680932379512,533,1305
-437.5955675775827,534,1305
-784.2940176939849,535,1305
-542.8849613258498,536,1305
-446.17405160547753,537,1305
-570.3101529778133,538,1305
-700.2605424696521,539,1305
-435.5140421288507,540,1305
-437.14423310123016,541,1305
-432.11397157325484,542,1305
-429.65227589588744,543,1305
-439.5402885746471,544,1305
-661.1970888931749,545,1305
-895.6957289893627,546,1305
-408.44906069568424,547,1305
-429.54583177422484,548,1305
-524.9926742958037,549,1305
-435.1446828025489,550,1305
-410.4935579966028,551,1305
-415.6992029423801,552,1305
-412.5519252598801,553,1305
-410.86567727193204,554,1305
-448.89722593985715,555,1305
-421.92459791552176,556,1305
-640.1860032848397,557,1305
-413.1233134606256,558,1305
-419.66892864794926,559,1305
-420.81348451564963,560,1305
-396.9775738144283,561,1305
-400.31988467706157,562,1305
-415.18731467828644,563,1305
-411.03786489373914,564,1305
-409.4842056656751,565,1305
-415.52717226586674,566,1305
-414.5745880908226,567,1305
-420.8898460585039,568,1305
-423.3498280407844,569,1305
-422.03421805766413,570,1305
-405.4467590280812,571,1305
-407.22993955549947,572,1305
-398.29738691948387,573,1305
-404.9912343020633,574,1305
-399.9917695057246,575,1305
-399.7643398651494,576,1305
-406.62438744836845,577,1305
-408.2969189648533,578,1305
-402.09319866964745,579,1305
-409.7320287582592,580,1305
-407.89941352087305,581,1305
-694.89000958935,651,1305
-742.5962011570598,652,1305
-772.4778438159369,653,1305
-469.94021667279475,654,1305
-735.5433596955761,655,1305
-464.6987430618443,656,1305
-1076.4179673004305,657,1305
-1150.4804155303739,658,1305
-554.2566124451552,659,1305
-1485.2305155216036,660,1305
-1125.007774415703,661,1305
-792.5782373561783,662,1305
-893.2000634618529,663,1305
-544.86012659862,664,1305
-432.814294253338,665,1305
-424.06007574966145,666,1305
-441.31956508375634,667,1305
-426.83929104759864,668,1305
-445.7737047582504,669,1305
-413.0593267904179,670,1305
-399.5834442739983,671,1305
-418.4596385709759,672,1305
-406.9793778348116,673,1305
-402.8768135948417,674,1305
-400.35557988762275,675,1305
-392.82345385454573,676,1305
-398.84092621987736,677,1305
-403.6853534703136,678,1305
-397.24234807465234,679,1305
-400.27828527348686,680,1305
-398.0961857158418,681,1305
-398.11266533768435,682,1305
-399.94134378846445,683,1305
-407.49255317760316,684,1305
-405.6006691545314,685,1305
-407.98865285019724,686,1305
-409.1384179158883,687,1305
-397.4621898849215,688,1305
-399.7263037029094,689,1305
-399.8757841299492,690,1305
-408.511880793043,691,1305
-395.51630383556846,692,1305
-424.4530689217043,693,1305
-407.1691011874766,694,1305
-403.4238435275163,695,1305
-407.5587272744341,696,1305
-406.51264571044715,697,1305
-405.0947621013544,698,1305
-406.45621024631834,699,1305
-404.230553767958,700,1305
-413.7769110612075,701,1305
-407.0052863605156,702,1305
-406.578365386674,703,1305
-404.81835515650886,704,1305
-402.41320004122883,705,1305
-401.88451825326985,706,1305
-419.33000793682214,707,1305
-411.1521136733275,708,1305
-406.0356528138477,709,1305
-396.69761195830733,710,1305
-400.81042692898933,711,1305
-406.245321343679,712,1305
-402.6088100580324,713,1305
-411.2017171989189,714,1305
-400.4212975334138,715,1305
-403.98079699324774,716,1305
-397.6083907159405,717,1305
-407.75263643988956,718,1305
-399.6193863095045,719,1305
-408.6817774543192,720,1305
-402.98807055315785,721,1305
-397.1232569017868,722,1305
-407.63082881825835,723,1305
-402.24664304994786,724,1305
-410.1988588951532,725,1305
-410.16283316898006,726,1305
-395.56364589624224,727,1305
-403.70246035327665,728,1305
-410.3128925025223,729,1305
-410.8471168520384,730,1305
-400.22902635545825,731,1305
-397.42597677798483,732,1305
-408.6391377926956,733,1305
-412.72232365451475,734,1305
-393.2221672445822,735,1305
-412.37931029216986,736,1305
-396.9963490613901,737,1305
-400.6851808897066,738,1305
-407.1366142347044,739,1305
-401.8012473456879,740,1305
-400.4845163532259,741,1305
-404.9718666445102,742,1305
-402.4104043909648,743,1305
-510.24564082222577,744,1305
-519.2367468289333,745,1305
-503.6934976098758,746,1305
-503.5099760573304,747,1305
-504.0350603162658,748,1305
-393.2106883721036,749,1305
-424.01071508586307,750,1305
-408.5074143071625,751,1305
-407.7786946453423,752,1305
-406.3965145262401,753,1305
-408.67960692659375,754,1305
-513.8864210287355,755,1305
-418.07534198663967,756,1305
-506.95458325650657,757,1305
-406.6285423976636,758,1305
-382.4078889640106,759,1305
-590.9086065630123,760,1305
-431.6849929056656,761,1305
-682.8888855640631,762,1305
-620.8912935543988,763,1305
-387.3788329632289,764,1305
-439.134206505274,765,1305
-150.11771892727782,766,1305
-412.9347939995071,767,1305
-466.57788014778066,768,1305
-172.02806758580329,769,1305
-704.7343846210917,770,1305
-497.46283206600253,771,1305
-592.5013612349842,772,1305
-597.2572947121156,773,1305
-720.5336482786929,774,1305
-599.234106027768,775,1305
-763.2830875481005,776,1305
-754.1555109173338,777,1305
-624.9563763552368,778,1305
-767.2775859915807,779,1305
-478.5965551004399,780,1305
-727.4288472348745,781,1305
-875.2687156740699,782,1305
-857.2414298362562,783,1305
-729.9000483354887,784,1305
-558.4062924107152,785,1305
-709.6800220967765,786,1305
-1058.729163527245,787,1305
-485.01153897356124,781,1305
-444.3575097940815,782,1305
-409.42169410949657,783,1305
-440.13925134704425,784,1305
-667.2768804885856,785,1305
-443.41689859977936,786,1305
-426.3692517869705,787,1305
-408.8632454910431,788,1305
-406.33267539459985,789,1305
-406.9331041346956,790,1305
-421.2472456593265,791,1305
-691.4656468501082,792,1305
-436.61303364950635,793,1305
-411.08971865671316,794,1305
-372.6641305551166,795,1305
-507.1634159108861,796,1305
-463.02873777465936,797,1305
-513.592159852735,798,1305
-469.8184686153673,799,1305
-454.267518141636,800,1305
-530.0168229120391,801,1305
-478.22185467309714,802,1305
-445.08094444045616,803,1305
-435.58731621749945,804,1305
-445.5452324401812,805,1305
-437.28689557071,806,1305
-415.080290628913,807,1305
-434.50318121176383,808,1305
-434.7628780447722,809,1305
-411.73183121615534,810,1305
-431.7547317826356,811,1305
-408.9248282017028,812,1305
-428.59747720889726,813,1305
-437.8724637107221,814,1305
-408.6437810240864,815,1305
-436.5446455340118,816,1305
-424.78752665794576,817,1305
-422.5488080563036,818,1305
-426.77887328453136,819,1305
-430.0954782538304,820,1305
-436.759838256116,821,1305
-408.9185470121614,822,1305
-417.71441733538006,823,1305
-426.3825322337843,824,1305
-431.14949405250616,825,1305
-405.714716157541,826,1305
-429.5158008956349,827,1305
-412.8508521681005,828,1305
-442.0062011429186,829,1305
-433.480337824079,830,1305
-432.730009676058,831,1305
-428.60287024838885,832,1305
-425.18549537332615,833,1305
-425.52835211644026,834,1305
-415.95112778559906,835,1305
-436.21113744007334,836,1305
-407.80833117949913,837,1305
-867.697855057903,838,1305
-358.4313562270014,839,1305
-400.17275451463985,840,1305
-418.17489804385866,841,1305
-1329.9110102611303,842,1305
-413.282710535959,843,1305
-409.95254382082965,844,1305
-425.82625495516,845,1305
-654.4010441044742,846,1305
-401.39758360392926,847,1305
-419.9060521840261,848,1305
-429.50776470276503,849,1305
-439.8221647861972,850,1305
-427.25975161110273,851,1305
-461.66088217623394,852,1305
-404.52150755382445,853,1305
-475.37252665965445,854,1305
-423.4537976962536,855,1305
-404.8471810324864,856,1305
-412.1191174567758,857,1305
-399.32603087113483,858,1305
-442.8056993426684,859,1305
-404.6748163684423,860,1305
-409.93595184612815,861,1305
-478.79199875340674,862,1305
-413.8489914964097,863,1305
-409.621110138665,864,1305
-448.19903723934226,865,1305
-408.1936809119443,866,1305
-408.5837202864053,867,1305
-607.923209566668,868,1305
-416.9690440268501,869,1305
-559.956835112296,870,1305
-466.898281938375,871,1305
-534.9754788644052,872,1305
-412.2947499063712,873,1305
-453.66538973183253,874,1305
-646.8481071847416,875,1305
-411.33816631013076,876,1305
-444.091272334711,877,1305
-555.9393270723971,878,1305
-574.0249179091657,879,1305
-469.09899226219613,880,1305
-547.1024679629639,881,1305
-559.7392983434638,882,1305
-531.3533399517349,883,1305
-456.50080027673346,884,1305
-549.3428106112884,885,1305
-511.6034004832265,886,1305
-431.31381573695194,887,1305
-419.6103023440219,888,1305
-521.2605782787672,889,1305
-462.59828404156065,890,1305
-565.4419968585844,891,1305
-557.3220607384803,892,1305
-537.22988775803,893,1305
-850.2390211771874,894,1305
-438.49236499798496,895,1305
-558.8617624713577,896,1305
-838.0797619263776,897,1305
-891.1841716958854,898,1305
-606.1602457676688,899,1305
-919.7179630363191,900,1305
-991.0412078605173,901,1305
-1024.1887140515014,902,1305
-1296.8844848731014,903,1305
-780.1119618681165,904,1305
-986.9866931116483,905,1305
-815.1844961849081,906,1305
-914.473424756897,907,1305
-858.5898109767992,908,1305
-558.9543670550273,909,1305
-841.0367661981277,910,1305
-1112.1388511923878,911,1305
-628.7004537948965,912,1305
-808.2235375248187,913,1305
-871.835426605381,914,1305
-752.9948479489149,915,1305
-861.727747770748,916,1305
-1400.045738554521,917,1305
-1046.9574203428815,918,1305
-921.0654606420829,919,1305
-1330.5550248413924,920,1305
-940.3345293526909,921,1305
-1429.9896887672426,922,1305
-990.0308798675968,923,1305
-1388.9035388258485,924,1305
-919.8307578335861,925,1305
-766.7178822293192,926,1305
-1147.8846537472778,927,1305
-1087.245356308875,928,1305
-1602.8647479416425,929,1305
-1162.9125909944846,930,1305
-1296.9999275684802,931,1305
-809.6387823894615,932,1305
-990.0696050412178,933,1305
-1782.2009723209637,934,1305
-560.1098359681167,935,1305
-1135.2381755415463,936,1305
-1289.2156762286131,937,1305
-1210.9203837428454,938,1305
-542.5413370682885,939,1305
-772.0051797627732,940,1305
-877.8499457941053,941,1305
-574.6766469258764,942,1305
-1025.262334183818,943,1305
-628.6397248637412,944,1305
-859.2473686279827,945,1305
-577.5199846839175,946,1305
-646.9697183089854,947,1305
-549.8759792354149,948,1305
-507.3597486743388,949,1305
-483.37863186885056,950,1305
-543.8940455715021,951,1305
-555.3885330999786,952,1305
-599.5426203945328,953,1305
-649.2827629562307,954,1305
-758.3529157302028,955,1305
-543.3631182111627,956,1305
-666.6998060757462,957,1305
-504.05601134910916,958,1305
-952.206894392821,959,1305
-679.5111408474488,960,1305
-979.2317671677756,961,1305
-549.2362577830474,962,1305
-412.95287431272584,781,1305
-413.20711296961235,782,1305
-469.1643597076584,1,1905, changed model
-433.401673793337,2,1905
-421.78875804688465,3,1905
-694.7484855780442,4,1905
-494.33030807119513,5,1905
-707.8251415694316,6,1905
-524.0656526494707,7,1905
-717.8937351436163,8,1905
-722.1143459448115,9,1905
-456.9146269867737,10,1905
-896.9133564320596,11,1905
-553.8255103278512,12,1905
-699.8068444921602,13,1905
-592.3437302805313,14,1905
-426.4416175518395,15,1905
-774.0008846736287,16,1905
-953.6729556401516,17,1905
-786.4715625788443,18,1905
-552.752689808595,19,1905
-473.4720267762377,20,1905
-423.03134868369114,21,1905
-408.9036281038849,22,1905
-542.6660893102567,23,1905
-424.7712295375969,24,1905
-430.25752066197856,25,1905
-1267.8677027556632,26,1905
-1276.9162318834076,27,1905
-414.1017384420266,28,1905
-1185.971135912675,29,1905
-408.2431494692291,30,1905
-746.824549934004,31,1905
1212.6395947641965,32,1905
-711.9810329466611,33,1905
-833.9405587798675,34,1905
-520.6389331011661,35,1905
-780.5670551429754,36,1905
-735.4068135577196,37,1905
1346.177881261964,38,1905
-484.68295546294667,39,1905
-1030.838339341209,40,1905
-457.53458312748756,41,1905
-1077.0505425306474,42,1905
-1165.678052627563,43,1905
-782.9945464626476,44,1905
-1017.0272493263404,45,1905
-570.7411945958758,46,1905
-545.5143033831873,47,1905
-616.2395746444822,48,1905
-670.0222759936095,49,1905
-847.4686534165614,50,1905
-1041.9245711808014,51,1905
-418.79640191579824,52,1905
-708.6616368616303,53,1905
-418.15112419559335,54,1905
-402.3848547323691,55,1905
-377.91259935625646,56,1905
-432.790981786146,57,1905
-999.8394057256392,51,1905
-440.54732505063214,52,1905
-416.3348628576401,53,1905
-400.7334535962958,54,1905
-499.5934797425289,55,1905
-430.85255817550717,56,1905
-416.43176149428393,57,1905
-415.4680964867443,58,1905
-422.8968669920697,59,1905
-404.6428321173849,60,1905
-410.95951816766484,61,1905
-426.9579775554058,62,1905
-496.1891749233124,63,1905
-1079.0196482782787,64,1905
-418.642873533099,65,1905
-1267.6185349388718,66,1905
-462.6724427386142,67,1905
-454.94458234601257,68,1905
-533.2772983142441,69,1905
-427.27420582877505,70,1905
-402.8713280753139,71,1905
-423.3541936864126,72,1905
-996.3919655396876,73,1905
-413.7962232976641,74,1905
-686.5959166960804,75,1905
393.9169071104766,76,1905
-448.53057111193755,77,1905
-452.23464733570813,78,1905
-506.2183054458352,79,1905
-402.598117689263,80,1905
-416.18529993716123,81,1905
-500.5874661799866,82,1905
-433.43444050171576,83,1905
-537.6941419793911,84,1905
-942.9645951015027,85,1905
-429.60753230677915,86,1905
-426.94096044949873,87,1905
-355.5570419222282,88,1905
-911.6531547565305,89,1905
-463.69198439659243,90,1905
-491.53356262849974,91,1905
-438.16404461172436,92,1905
-343.7173091229002,93,1905
-530.024933298241,94,1905
-611.4105455959992,95,1905
359.176016355568,96,1905
-525.0446212146409,97,1905
-865.6610539749444,98,1905
379.9755914296323,99,1905
-462.9265930709923,100,1905
-467.86187926720925,101,1905
-350.38178011996513,102,1905
-812.4670054267003,103,1905
-857.0357684299354,104,1905
-484.89786499595766,105,1905
-1195.7929023602833,106,1905
-593.4315617819794,107,1905
-806.7191249450061,108,1905
-399.80210529596536,109,1905
-533.8495625303932,110,1905
-549.6201251965342,111,1905
-492.71402860649306,112,1905
-460.25298287452904,113,1905
-859.6693735228341,114,1905
-1379.2952923731073,115,1905
-383.0891504699091,116,1905
-695.2094869436402,117,1905
-854.111251593715,118,1905
-1250.588561422219,119,1905
-533.3324966169473,120,1905
-813.9539988748952,121,1905
-791.045982301556,122,1905
-660.820478811881,123,1905
-597.1952357501461,124,1905
-797.6920175074728,125,1905
1344.0843339234607,126,1905
1130.7782695534456,127,1905
-362.08627991455967,128,1905
-925.4322802566933,129,1905
-1227.9111524179325,130,1905
-553.2654385645825,131,1905
-616.688933963795,132,1905
-773.011060482563,133,1905
-482.65617251074696,134,1905
-664.8581271603757,135,1905
837.9039772244353,136,1905
715.3713708323828,137,1905
2154.150472083829,138,1905
1255.14068768146,139,1905
-608.9260707087121,140,1905
-584.7377838487977,141,1905
-1045.0057864585362,142,1905
294.7839146583986,143,1905
3603.394702692918,144,1905
2984.969149117855,145,1905
1435.5903047536267,146,1905
3008.988079968932,147,1905
645.2420303422061,148,1905
1498.2476029265756,149,1905
3197.521548797766,150,1905
-473.50279581684373,151,1905
1492.9305020182942,152,1905
2150.269341612246,153,1905
-9.498831851014927,154,1905
-597.1013176613684,155,1905
-521.94072695155,156,1905
-572.8365272881558,157,1905
-567.854050902953,158,1905
4802.391561039503,159,1905
4798.137354343796,160,1905
-521.0673917610744,161,1905
3855.992778601497,162,1905
1281.3946208367804,163,1905
-425.40946667976976,164,1905
5159.1841652566145,165,1905
2623.376967480695,166,1905
2624.332683623306,167,1905
1912.3994958224744,168,1905
349.60329652225096,169,1905
1576.2715702896976,170,1905
773.7458084623611,171,1905
2045.8264766097536,172,1905
-506.2252285949812,173,1905
-799.7066063467487,174,1905
480.13144285642454,175,1905
798.8967784736715,176,1905
354.43687144246405,177,1905
711.1059783523315,178,1905
-612.0491362568657,179,1905
2696.9412344579605,180,1905
1095.430881834082,181,1905
-478.46580546277977,182,1905
4469.860437250311,183,1905
418.84315871168394,184,1905
-479.93782839579734,185,1905
1535.3479750053748,186,1905
698.8473617695217,187,1905
-483.91892045846896,188,1905
742.9984834295301,189,1905
-339.7173719112865,190,1905
786.6074526853549,191,1905
-394.68688754154897,192,1905
625.7665952292693,193,1905
170.03212526428024,194,1905
499.1898772108983,195,1905
1923.4889303285204,196,1905
1696.518536082266,197,1905
137.42842080370542,198,1905
-699.6540613174313,199,1905
-312.4397132571778,200,1905
487.30524979642905,201,1905
-116.5783701548603,202,1905
-456.2494952419203,203,1905
527.4652877056249,204,1905
1930.7230384069421,205,1905
1563.8407294092053,206,1905
6664.352390353536,207,1905
3009.4943407294877,208,1905
939.2556237997233,209,1905
2924.962964386747,210,1905
2108.082262437433,211,1905
1425.5302893010396,212,1905
4247.700955081736,213,1905
-706.7438283725223,214,1905
1629.3323757451512,215,1905
4934.4939873412895,216,1905
3116.2732856536877,217,1905
3089.894934124735,218,1905
1743.9213836401061,219,1905
4327.781904855381,220,1905
401.18897271599576,221,1905
1519.6262204362085,222,1905
6677.8513759474845,223,1905
2704.7319841227054,224,1905
3168.6913030867827,225,1905
2915.4445949738424,226,1905
2066.758078160921,227,1905
3378.3708453725644,228,1905
1931.7802353662528,229,1905
2759.867101320269,230,1905
539.4530581279357,231,1905
2507.2920328215796,232,1905
4487.957634478754,233,1905
4449.675413669307,234,1905
-568.6405768496359,235,1905
1454.4720404325515,236,1905
2968.514099608183,237,1905
5054.79728977833,238,1905
794.063111184933,239,1905
3005.643187008678,240,1905
1898.875236385838,241,1905
-376.298319569976,242,1905
-498.53533846727214,243,1905
3391.0412644182084,244,1905
1705.6116236730286,245,1905
-746.2837741691762,246,1905
-756.684632621882,247,1905
1284.8226452799993,248,1905
-427.421377393032,249,1905
232.70531974228527,250,1905
918.6914761051412,251,1905
-445.9262216210631,252,1905
3476.683607394474,253,1905
2997.4372723003976,254,1905
3413.817414409414,255,1905
2664.816647310558,256,1905
1822.2813351360046,257,1905
-726.9272984942711,251,1905
